timeFrom,4,11,12,13,14,15,16,17,18,19,20,21,22,23,24,25,31,32,33,34,47,50,51,52,53,57,58,100,106,107,115,117,241,242,311,312,330,331,332,410,412,449,450,451,452,453,454,455,456,457,467,468,469,470,491,492,493,494,495,504,506,508,510,511,512,513,514,515,517,518,519,520,521,522,523,540,546,548,551,553,555,556,558,560,562,564,566,567,568,570,572,574,576,578,579,580,581,584,585,586,592,613,614,615,616,617,618,620,621,622,623,624,626,627,628,1004,1006,1018,1020,1022,1024,1025,1026,1027,1028,1029,1030,1031,1032,1033,1034,1035,1036,1037,1038,1039,1040,1041,1042,1043,1044,1045,1046,1047,1048,1049,1050,1051,1052,1053,1054,1055,1056,1059,1060,1061,1062,1063,1064,1065,1066,1067,1068,1069,1070,1071,1072,1073,1132,1134,1146,629,631,632,633,659,660,661,662,663,671,672,673,674,675,677,678,699,701,703,705,707,709,711,713,715,717,719,721,723,725,727,729,731,735,737,739,744,746,748,750,754,756,758,760,762,764,766,768,776,780,788,794,795,8,805,815,817,819,836,837,838,843,844,845,846,847,848,849,859,860,870,871,875,877,879,88,881,883,885,887,890,892,897,899,9,903,908,909,912,915,916,921,922,923,924,925,926,927,928,938,939,940,941,942,943,944,945,946,947,948,949,950,951,952,953,954,955,974,978,980,981,982,983,984,985,986,987,988,AP Main,Airport city TLV Central Station,Azrieli Sarona AC,CAOL,Clalit Kaplan MC,Clalit Meir MC,Energy Systems Jerusalem 1,HCN Main,total
1,1360.0,1798,97.0,91.25,575.5,239.25,378.5,458.0,1783.0,3048,241.0,1166.0,1972.8,3201.6,1897.2,2478.0,556.72,2083.36,572.16,750.5,560.1,4070,154.88,6048,12096,1341.5,211.0,4239.0,2402.0,2174.25,4706.0,3198.0,1.88,10587.0,16800,15904,1820.0,764.5,482.0,3764.0,3711.2,2019.0,2346.0,0.0,4188.0,1584.0,1004.4,1159.2,730.2,136.625,326.925,120.7875,99.25,86.625,1404.0,628.8,473.1,927.3,292.65,619.0,2456.0,1237.0,1365.5,152.8,1861.0,465.75,3432,549.0,818.4,204.25,434.5,568.75,200.0,356.25,97.75,138.0,257.5,211.0,835.8,368.5,55.45,38.325,249.0,191.32,588.6,808.75,39.9,92.875,3.0,193.0,118.4,60.5,399.75,486.5,44.725,28.4125,30.2875,109.4,16.1375,402.0,1335.2,339.5,1500,388.25,372.5,250.0,118.75,679.0,186.5,565.0,184.25,514.5,287.25,242.44,369.0,888.0,344.8,2377.92,2823.0,1424.0,39.6875,171.125,611.0,18.1125,45.425,28.2728,84.1875,99.84,118.375,1024.5,71.0,655.0,702.5,612.0,475.0,574.0,681.0,1047.25,326.5,867.5,164.0,176.72,28.825,14.21875,18.625,89.4125,32.28125,44.0875,13.6875,40.188,701.5,33.08,38.64,15.4875,66.1896,127.28,39.44,51.25,6.16,20.04,936.0,171.0,1573.0,481.75,528.5,1150.0,349.0,62.6712,130.25,1168.25,430.66,0.0,105.4375,59.1875,43.25,316.0,710.5,214.75,1176.0,3142.0,1155.6,291.6,2714,1799.0,56.05,491.76,892.8,477.6,745.5,893.0,472.0,218.1,55.9375,653.136,583.8,293.0,376.0,142.5,1256.5,363.0,730.5,1314.0,104.125,230.3125,156.6,533.0,116.4,182.25,261.0,475.5,1288.0,150.75,180.0,68.1375,109.28,566.5,531.5,274.75,137.75,15.91875,7.83125,7.0375,6.69375,5.4125,666.0,1405.2,378.8,399.0,20.1875,256.0,364.25,1558.0,720.0,276.6,442.0,572.5,342.0,842.75,455.0,115.2,785.12,808.8,1532.4,1454.0,709.28,229.5,234.08,571.5,177.0,638.0,198.0,108.25,1206.72,1055.75,452.75,2268.0,953.52,2.925,138.6875,220.625,378.5,1304.0,252.25,404.5,320.75,233.84,502.0,498.0,1557.92,298.5,163.8,2.92,185.75,95.0,69.05,526.5,7.9625,866.4,1841.0,61.1875,20.5,269.5,265.25,82.875,53.0,102.25,2731.0,1112.5,170.0,767.0,465.3,191.75,178.8,265.25,228.25,227.5,289.5,84.025,212.375,7508,1495.9997606,489.936,48384,3118.0,4142,2856.0,58.0,473346.9669326
2,1183.0,1898,95.0,88.5,567.5,240.5,376.0,508.0,1870.0,3066,336.0,1203.0,2036.4,3196.8,1908.0,2456.4,478.88,1784.16,406.96,757.0,571.8,3862,208.32,6272,12096,1372.0,203.0,4122.0,2559.0,2263.5,4555.0,3316.0,1.76,8163.0,17024,15904,1765.0,669.5,480.75,3880.0,3633.44,1966.0,2525.0,0.0,4220.4,1621.2,1052.4,1132.2,693.6,132.625,339.975,122.25,92.125,91.5,1499.4,581.4,506.4,865.2,282.0,620.0,1751.0,1305.0,1384.5,153.56,1872.5,393.0,3478,549.0,819.0,159.25,414.0,563.0,209.5,328.0,81.75,156.0,279.0,219.5,799.2,369.0,55.2,37.5,236.5,188.24,588.0,799.0,39.25,76.625,3.625,188.25,89.0,58.875,359.75,501.0,44.35,27.775,28.05,110.575,16.5,352.8,1328.96,362.5,1588,373.75,366.0,261.5,124.0,647.0,190.0,572.5,175.25,548.0,283.0,239.88,364.0,900.0,347.12,2381.76,2858.0,1287.0,40.35,175.125,636.0,16.9875,45.0,28.7544,84.25,104.84,130.125,1020.75,60.0,603.5,749.0,642.25,470.5,561.0,693.6,1053.75,314.5,782.5,155.0,203.84,30.6,14.75,17.325,104.05,30.975,32.0375,13.59375,31.628,703.0,25.52,51.36,13.475,66.8544,125.08,42.48,51.55,14.0,26.04,908.0,207.0,1571.0,475.0,553.75,1255.0,368.75,67.2384,133.5,1169.25,413.86,954.0,100.75,59.4375,40.5,321.5,669.0,194.0,1162.5,3096.0,1449.6,289.5,2708,1792.0,38.4,538.08,888.0,461.4,728.0,854.0,490.0,262.2,60.0625,672.816,618.6,326.0,329.5,137.0,1208.0,423.5,727.5,1273.0,94.0625,232.375,159.0,490.0,111.2,180.75,267.25,495.375,1100.0,149.5,188.5,49.875,109.76,552.5,494.25,259.0,139.75,11.8375,7.76875,7.05,6.70625,5.49375,649.92,1434.0,367.92,415.5,20.925,402.5,364.0,1754.5,703.5,258.3,428.5,567.0,330.6,863.5,498.0,120.32,767.68,853.2,1525.2,1510.0,710.4,222.25,285.76,564.5,178.25,701.0,230.0,107.75,1227.52,998.75,458.25,2213.0,1024.32,3.825,137.5625,139.3125,393.5,1362.0,267.0,428.0,330.5,257.96,496.88,527.0,1587.84,315.0,246.6,2.92,192.5,90.5,67.3,564.5,8.275,858.0,1900.0,74.875,24.6,331.0,280.5,89.25,54.25,96.0,2711.0,1118.5,163.0,762.5,475.2,182.0,148.8,231.5,245.5,222.03125,294.5,77.075,211.25,7566,1512.799758,527.856,49224,3054.0,4064,3037.2,68.0,468148.0357274
3,1135.0,1658,97.0,104.75,552.5,245.75,382.0,461.0,1851.0,3054,331.0,1154.0,1981.2,3189.6,1941.6,2455.2,452.24,1890.88,416.24,750.0,595.2,4002,242.56,6272,11872,1500.5,185.0,4180.5,2450.0,2136.0,4439.0,3423.0,2.76,10725.0,17248,16128,1844.0,719.0,475.5,3783.0,3762.4,2065.0,2464.0,0.0,4246.8,1531.2,956.4,1065.6,575.4,131.0625,317.3625,110.775,94.9375,91.5625,1443.6,574.8,452.4,850.2,294.3,620.0,1784.0,1118.0,1406.5,157.12,1870.5,420.75,3364,591.0,824.4,162.5,408.75,543.25,206.0,316.0,96.75,155.0,267.0,208.25,801.0,388.75,55.9,35.8,258.0,180.92,597.6,856.75,38.325,77.5,2.625,183.5,107.2,63.5625,409.5,466.0,44.35,28.2,32.125,108.6,15.65,405.0,1333.44,349.4,1552,359.5,366.75,247.25,118.0,641.0,198.75,555.5,179.0,555.5,259.5,237.76,380.5,926.4,366.96,2394.96,2804.0,1217.5,49.3875,173.625,645.0,30.375,45.45,20.808000000000003,101.75,84.72,117.625,1074.75,74.0,592.0,712.25,662.25,494.5,586.5,736.8,1040.5,324.5,857.0,165.25,213.28,34.775,14.15625,18.275,90.875,31.275,35.8,13.625,29.426,722.5,30.2,45.48,13.025,67.0344,131.4,34.8,56.35,13.76,25.48,890.0,201.75,1538.0,468.0,513.25,1252.0,362.5,65.7888,140.25,1130.0,389.88,994.0,104.0625,59.5625,41.5,312.0,702.0,190.25,1161.0,3064.0,1165.2,289.8,2674,1785.5,36.85,508.4,915.6,489.6,713.5,960.0,482.0,279.3,54.0,666.24,603.6,273.5,337.0,140.5,1203.5,409.0,729.0,1198.5,113.5,216.0,152.25,482.0,105.96,187.75,261.25,499.875,1180.0,143.0,195.25,56.3625,104.16,526.25,445.75,270.75,132.5,13.6875,5.70625,7.1,6.71875,5.5375,662.4,1344.0,359.52,407.0,21.1,386.5,364.5,1673.0,709.5,263.4,445.0,570.0,325.2,879.75,494.5,115.2,758.08,936.0,1470.0,1508.0,704.72,217.75,212.56,559.0,176.0,670.0,218.0,104.75,1198.4,1016.0,446.0,2280.0,1126.56,3.0,146.5,238.125,414.5,1350.0,279.0,428.25,344.75,256.24,509.52,521.5,1421.6,313.0,153.9,3.04,188.25,81.75,60.525,548.0,9.85,852.0,1829.0,67.5625,18.55,306.5,267.75,92.6625,58.5,90.5,2144.0,1091.0,150.0,745.0,463.2,185.0,252.3,215.5,246.0,237.1875,272.875,81.625,188.4375,8072,1508.7997586,525.744,49392,3114.0,4000,2728.8,60.0,481322.0383772
4,984.0,1786,68.0,58.75,472.0,179.5,209.0,276.0,1908.0,3072,243.0,1060.0,1574.4,2420.4,1364.4,2332.8,233.92,1369.12,217.68,876.5,417.9,3368,101.28,6048,12096,1009.0,157.0,4054.5,2344.0,1917.0,4267.0,3287.0,1.84,6009.0,16800,15680,1771.0,448.25,472.5,3180.0,3473.76,1718.0,1688.0,0.0,3164.4,1274.4,550.8,567.6,525.6,103.375,165.9375,87.525,79.1875,69.1875,1382.4,552.6,341.4,674.1,200.7,649.5,1641.0,968.0,1177.5,104.76,1531.0,305.5,2852,505.5,692.4,119.5,367.5,547.25,175.75,279.5,71.0,108.25,160.0,160.25,498.6,277.25,41.25,4.075,171.5,127.16,255.0,688.5,33.875,68.0,1.875,123.0,87.6,61.1875,281.5,332.0,40.1,24.3125,10.075,34.5,4.3875,372.6,1250.0,278.48,1198,284.75,237.0,200.5,73.5,613.0,150.75,473.0,56.5,492.75,239.75,237.96,235.0,536.4,218.0,2365.2,2217.0,862.0,40.9125,164.6875,372.0,13.5375,33.55,20.3448,69.5,108.8,94.875,801.0,142.0,600.75,700.25,437.75,487.0,519.0,680.4,1023.25,771.5,602.5,126.0,160.64,25.85,6.90625,11.9375,84.275,13.3625,31.8625,7.25,10.565999999999999,690.0,26.84,11.52,5.25,76.1664,51.68,39.64,44.325,5.76,24.96,827.0,224.5,1394.0,179.0,389.5,674.0,283.0,34.032,128.5,1117.25,375.74,961.0,42.125,49.25,39.0,236.5,667.0,181.75,875.0,2062.0,808.8,280.8,2564,1649.5,10.7,259.44,844.8,353.4,467.0,457.5,351.5,222.6,29.875,614.736,583.8,208.5,321.0,127.5,1114.0,306.0,687.0,837.0,9.875,24.125,89.7,391.0,95.8,164.0,202.5,447.75,716.0,75.5,185.25,105.2625,111.6,460.25,226.25,286.5,93.75,13.00625,6.8625,7.03125,6.5875,5.40625,619.36,679.2,196.88,374.5,16.525,314.0,360.75,1232.0,725.5,250.2,404.0,550.0,300.3,773.0,489.5,69.6,432.8,418.8,967.2,936.0,657.76,200.5,202.56,446.0,128.5,268.0,84.0,99.5,858.24,810.5,390.75,2200.0,916.08,1.875,125.625,138.8125,363.0,770.0,252.25,334.0,325.5,154.84,300.88,425.5,849.28,208.5,144.9,3.08,180.0,80.5,40.45,334.0,6.4,639.0,1531.0,12.25,9.075,209.5,264.75,80.4,46.0,69.25,1583.0,788.5,142.0,527.0,398.1,166.5,193.8,227.75,124.75,239.375,260.0,73.2,183.3125,8072,1487.199762,457.152,48384,2530.0,3464,1380.0,42.0,415075.1325242
5,403.0,1208,55.5,59.25,425.0,172.5,160.0,257.0,1626.0,2738,185.5,854.0,1232.4,752.4,492.0,1406.4,193.92,1273.44,178.24,650.5,403.8,2320,56.8,5824,11872,1253.0,101.0,4032.0,2296.0,1874.25,4367.0,2642.0,1.8,6084.0,16800,15904,1427.0,388.75,472.25,1859.0,3258.24,1576.0,1381.0,0.0,2638.8,1052.4,559.8,568.8,609.0,131.0,129.15,112.05,84.125,63.0,1201.8,521.4,338.1,453.3,115.35,604.0,1686.0,948.0,1100.5,33.32,1422.5,284.0,2624,417.75,665.4,63.5,358.5,448.0,144.5,133.25,52.5,37.5,174.5,61.0,342.0,234.5,9.05,4.05,105.5,62.08,251.4,472.0,35.175,72.8125,1.5,67.5,8.2,61.75,165.0,159.0,4.3,5.8,9.3375,35.575,4.025,99.6,1195.6,273.52,1116,270.5,221.75,164.75,59.25,324.5,77.0,478.0,109.25,343.0,179.25,249.76,229.0,402.0,179.36,2369.04,2528.0,611.0,43.3125,96.4375,480.75,27.675,44.55,18.848,82.125,100.8,80.5,945.75,201.5,540.75,566.0,546.75,352.5,434.0,561.9,939.0,899.0,156.5,102.0,182.4,40.625,14.15625,15.8125,87.875,37.14375,33.675,7.875,18.164,568.0,23.08,48.84,13.0625,57.3408,118.8,33.0,52.3,5.76,10.36,611.0,143.5,1426.0,157.25,361.0,525.0,200.75,29.3928,133.75,816.5,406.66,755.0,37.6875,37.875,35.0,203.0,598.5,165.75,716.5,1417.0,714.0,192.6,1650,1696.0,10.425,368.48,877.2,190.8,491.5,397.0,282.5,216.6,27.5625,397.296,533.1,79.5,246.5,52.0,1090.5,284.0,571.5,711.5,9.875,31.5625,54.6,340.0,99.64,137.5,54.75,323.625,950.0,30.75,137.0,9.6,40.32,473.25,36.5,230.25,114.75,14.9625,3.96875,0.2875,0.54375,5.49375,470.8,607.2,193.36,206.0,7.5,256.0,360.25,1295.5,744.5,291.0,417.5,575.5,283.5,820.5,464.0,78.08,160.0,393.6,894.0,735.0,671.44,186.25,153.68,408.0,134.75,247.0,61.0,95.75,759.68,778.25,393.0,2011.0,768.56,1.4625,136.5,129.9375,327.0,672.0,147.0,357.75,257.5,145.8,191.76,305.0,176.64,143.5,73.2,3.0,25.75,13.75,28.225,195.0,2.2875,534.0,1508.0,7.875,5.15,41.5,88.75,79.6875,15.25,57.75,1759.0,764.0,67.0,298.5,429.9,160.5,193.8,214.25,160.5,211.25,222.0,65.025,192.6875,8070,1386.3997782,415.44,42168,2630.0,3094,1282.8,42.0,398072.35180019995
6,1272.0,1794,93.75,88.25,531.0,237.75,339.0,427.5,1833.0,3006,289.5,1165.0,1948.8,3068.4,1906.8,2420.4,539.12,2044.16,443.28,907.0,614.4,3856,215.36,6048,12096,1333.5,191.0,4164.0,2549.0,2204.25,4337.0,3402.0,3.48,5526.0,32928,15904,1844.0,644.0,489.5,3976.0,3440.32,1958.0,2805.0,0.0,4196.4,1684.8,1076.4,1252.2,825.6,143.875,405.45,126.6,111.125,91.4375,1454.4,558.0,480.0,855.9,211.8,627.0,2617.0,1083.0,1397.5,140.92,1829.5,406.75,3342,616.5,807.6,169.0,429.25,567.75,214.5,379.75,92.25,142.75,257.0,207.5,794.4,395.75,56.25,36.325,269.0,199.12,605.4,771.75,41.45,67.8125,3.3125,182.25,108.2,64.3125,459.5,421.5,42.725,26.6,29.875,109.55,16.2375,346.8,1336.72,364.6,1528,339.75,366.5,242.0,132.5,670.5,191.0,678.0,150.75,513.25,246.75,236.0,403.5,838.8,348.08,2361.84,2881.0,1261.0,53.475,164.5,653.5,18.0,44.15,26.5552,68.25,100.64,127.125,1002.0,190.0,586.25,686.0,579.75,411.5,545.0,652.2,951.25,898.5,701.0,167.5,176.64,32.6,14.15625,15.8625,83.775,34.15,33.275,10.375,17.708,662.0,25.52,38.28,12.9875,64.1424,113.64,33.28,54.225,7.84,19.92,952.0,206.5,1451.0,489.0,488.25,1158.0,366.5,75.5184,133.75,1217.75,448.8,980.0,120.6875,45.0625,42.75,302.5,638.0,157.5,1108.0,2975.0,1114.8,289.2,2696,1783.0,19.35,472.0,931.2,415.8,716.5,856.0,446.5,228.9,66.0,653.424,585.6,276.5,367.0,136.0,1204.5,448.0,726.5,1172.0,146.375,235.4375,142.65,527.0,177.6,178.75,250.5,487.5,1215.0,150.0,177.5,47.5875,106.4,567.0,500.25,263.0,160.25,16.1875,7.7875,6.99375,9.1625,5.50625,676.8,1479.6,282.56,390.0,19.7,421.5,363.5,1669.0,754.5,259.5,440.0,586.5,327.6,925.5,492.5,126.24,690.88,711.6,1582.8,1433.0,710.24,215.5,197.84,618.0,175.0,589.0,218.0,104.25,1303.36,1025.5,439.0,2176.0,1035.6,2.8875,137.125,146.5,383.0,1255.0,246.75,407.5,337.25,248.84,446.72,506.5,1315.84,273.5,168.6,3.0,306.5,131.0,60.65,570.0,9.7375,866.4,1888.0,47.375,21.15,270.0,358.5,94.425,61.5,93.0,2790.0,1034.0,158.0,752.0,528.0,190.5,211.8,233.75,236.0,239.375,307.5625,86.3,179.4375,8574,1704.7997272,478.08,43008,3246.0,3996,3054.0,75.0,464078.24692500004
7,1288.0,1896,94.5,98.75,534.0,221.75,365.5,477.0,1840.0,3078,291.0,1106.0,1904.4,3207.6,1912.8,2506.8,584.16,2024.8,434.0,833.0,633.9,3892,426.88,6048,12096,1410.0,209.0,4168.5,2450.0,2118.0,4378.0,3538.0,3.0,5580.0,32032,32256,1895.0,712.75,484.75,3762.0,3492.96,1942.0,2481.0,0.0,4376.4,1690.8,1113.0,1230.6,815.4,145.1875,402.075,133.425,103.1875,87.5,1476.0,562.8,425.1,861.6,265.8,653.0,2753.0,1249.0,1338.0,151.52,1840.5,397.5,3408,588.0,820.8,162.0,418.25,528.0,204.25,357.5,85.5,152.75,273.25,221.5,777.0,375.25,55.5,35.75,256.5,185.96,594.0,799.5,37.5,73.3125,2.9375,181.75,84.8,58.375,480.75,450.5,44.45,27.0,27.3125,115.175,19.50625,349.2,1330.8,372.88,1540,363.75,361.5,270.75,137.25,592.5,180.5,479.0,133.0,503.0,228.75,243.92,347.0,890.4,351.92,2379.36,2724.0,1317.0,40.275,171.8125,637.5,18.6375,45.6,26.7824,89.75,95.24,139.0,1128.75,190.5,566.75,729.75,617.5,456.0,552.0,655.2,1131.0,872.0,718.0,161.75,173.2,28.425,14.15625,16.475,94.95,31.56875,32.9375,11.25,17.882,650.5,25.16,34.2,14.4,68.7696,121.36,38.72,52.375,10.0,42.56,923.0,193.5,1445.0,481.25,472.5,1131.0,356.25,77.0088,139.0,1149.0,462.4,899.0,104.6875,44.25,41.75,314.0,674.0,185.0,1146.0,3016.0,1020.0,283.8,2620,1805.5,24.5,475.28,930.0,411.0,701.0,880.0,449.0,228.0,62.5625,703.488,568.8,249.5,337.5,138.5,1191.5,417.5,713.0,1210.0,113.5625,229.375,142.8,518.0,178.76,188.0,285.0,507.0,1177.0,151.0,190.0,51.0,111.04,562.5,492.5,279.5,140.75,11.725,7.7375,7.075,7.0375,5.50625,685.84,1442.4,387.84,398.0,25.8875,375.5,361.25,1790.5,732.5,298.2,441.0,571.5,342.9,851.75,564.5,143.68,760.48,802.8,1498.8,1436.0,704.08,223.0,212.16,608.5,174.75,632.0,228.0,91.75,1494.24,1031.5,448.25,2266.0,1081.52,3.15,146.25,153.0625,400.0,1337.0,247.25,402.25,321.5,248.48,466.8,489.0,1464.16,285.0,158.7,2.92,180.0,96.0,56.0,560.5,9.75,920.4,1817.0,45.875,30.65,305.0,263.5,82.8375,45.5,94.0,2723.0,1067.5,144.0,804.5,502.2,186.0,229.2,260.5,290.0,285.9375,309.625,88.25,154.5,8686,1505.5997592,480.43199999999996,42000,3289.0,3966,3105.6,61.0,465645.1146814
8,1502.0,1910,92.5,98.5,567.0,222.0,354.0,449.5,1968.0,3148,392.0,1542.0,2766.0,3153.6,1924.8,2485.2,568.16,2052.32,424.48,751.0,637.2,3436,444.96,6272,12992,1393.0,214.0,2898.0,2447.0,2274.0,4370.0,3393.0,3.52,5436.0,17472,33824,1846.0,697.0,486.5,3684.0,3688.48,2014.0,2350.0,2444.0,4276.8,1653.6,1062.0,1116.6,749.4,131.75,358.875,127.8,102.75,106.0,1522.2,538.2,440.1,999.6,263.1,640.5,2877.0,1118.0,1408.0,164.92,1947.0,432.0,3330,672.375,834.6,161.0,449.75,565.75,195.25,397.5,86.25,150.5,238.0,221.5,799.2,381.5,57.3,36.4,281.0,191.6,587.4,821.75,41.7,63.9375,3.125,197.0,107.6,58.875,454.25,483.0,44.7,29.025,28.8875,104.8,15.325,428.4,1379.76,378.0,1572,420.5,366.0,245.0,145.25,616.0,195.5,614.5,185.5,640.0,256.0,251.4,377.0,930.0,356.56,2424.72,2756.0,1331.0,39.6375,169.8125,649.0,19.05,44.825,27.7136,107.1875,108.64,140.25,1257.75,338.5,587.75,866.0,647.25,455.5,612.5,676.5,1108.75,903.0,773.5,176.0,166.64,42.625,19.71875,18.2125,105.4,30.575,31.4875,9.625,49.146,732.5,26.96,52.8,13.05,92.64,125.52,36.76,52.35,18.88,24.96,1911.0,262.0,1488.0,466.75,509.5,1294.0,366.5,74.6976,129.0,1102.25,346.94,983.0,99.9375,43.8125,46.25,344.5,720.0,205.75,1196.5,3039.0,1520.4,292.2,2698,1823.0,22.575,530.64,1202.4,468.0,759.0,867.0,482.5,262.5,57.6875,697.488,564.9,252.0,353.0,140.5,1227.0,423.0,734.0,1237.0,119.0,224.625,157.5,989.0,504.64,188.0,277.75,497.25,1273.0,145.75,195.25,59.175,106.16,510.5,509.5,281.5,146.25,16.1625,14.41875,7.08125,6.98125,5.5875,1080.72,1431.6,364.32,442.0,17.15,391.0,362.25,1624.5,697.5,293.1,429.0,537.0,319.8,959.0,547.5,127.52,711.68,885.6,1491.6,1891.0,695.84,220.25,511.2,662.0,184.25,690.0,236.0,94.5,1327.04,997.5,448.25,2349.0,1037.2,3.675,192.4375,151.375,389.5,1370.0,248.5,430.75,349.25,245.6,495.6,505.0,1678.56,293.0,158.4,2.92,199.0,84.25,62.45,515.0,9.65,865.8,1887.0,42.3125,17.55,357.5,327.5,66.675,59.5,106.0,2641.0,1091.0,140.0,751.0,480.9,175.75,177.9,265.75,284.0,253.75,295.6875,82.425,127.875,8742,1474.399764,469.968,42672,3273.0,4294,3021.6,66.0,470900.5848782
9,1975.0,2306,99.75,103.75,559.5,207.75,366.0,453.0,1940.0,3114,686.0,1937.0,3513.6,3098.4,1923.6,2500.8,597.28,1693.6,424.72,769.0,611.4,3162,444.0,6272,11872,1402.0,219.0,2740.5,2490.0,2206.5,4651.0,3422.0,3.24,6603.0,17024,16576,1747.0,669.75,476.25,3475.0,3623.2,1997.0,1864.0,604.0,4328.4,1648.8,1091.4,1203.0,712.2,136.1875,385.65,126.075,107.4375,97.125,1501.2,582.0,442.8,979.2,280.95,630.5,2641.0,1344.0,1439.0,162.12,1877.5,381.75,3432,630.75,828.0,156.0,455.25,587.25,213.0,367.25,75.5,166.25,267.0,211.75,837.6,385.25,56.45,35.6,269.5,181.64,600.0,804.0,41.025,77.4375,2.75,191.25,118.2,62.0625,412.5,463.0,45.375,28.0125,31.975,107.7,15.2875,367.8,1377.12,392.84,1532,394.5,344.75,259.75,125.75,630.0,201.75,582.5,169.75,718.25,270.5,253.2,365.5,950.4,355.68,2430.24,2835.0,1309.5,40.1,170.4375,656.25,18.15,44.95,25.6488,125.625,104.04,128.8125,1056.0,378.0,662.25,799.0,607.0,473.0,546.5,655.8,1007.5,951.0,646.0,162.5,177.92,31.625,14.1875,16.8125,103.025,32.13125,37.875,10.6875,42.276,688.0,25.56,45.96,22.1625,79.704,124.52,33.2,50.95,7.76,30.36,2064.0,275.0,1546.0,460.5,492.0,1124.0,386.0,69.888,126.25,1118.5,372.0,1057.0,99.625,42.8125,45.75,552.0,717.0,192.5,1149.5,3084.0,2238.0,325.2,2714,1742.0,6.725,485.92,1575.6,467.4,744.0,849.0,491.0,252.6,55.5,756.288,565.2,257.0,340.5,138.0,1193.5,420.0,747.5,1330.5,117.6875,225.0625,154.8,1472.0,534.96,183.5,281.5,515.25,1032.0,156.0,194.0,56.625,101.2,539.0,513.75,284.5,144.5,11.84375,5.76875,7.00625,6.90625,5.55,1460.64,1420.8,374.4,392.0,20.7375,379.5,361.0,1548.0,679.5,283.2,417.0,641.0,325.5,787.0,578.0,141.12,685.44,918.0,1539.6,2292.0,694.8,228.25,885.68,671.0,177.25,737.0,187.0,90.75,1349.28,1012.25,448.5,2324.0,1086.0,8.25,188.0625,151.25,393.5,1327.0,259.0,427.25,343.25,245.28,520.72,521.0,1452.8,285.0,192.6,2.88,196.0,91.5,63.65,502.0,9.25,868.2,1859.0,39.5,18.6,277.0,260.5,89.1,59.0,96.75,2737.0,1065.0,148.0,820.0,454.8,175.5,220.8,261.25,265.75,283.75,310.625,78.175,111.0625,8292,1563.1997498,480.86400000000003,45528,3174.0,4172,2893.2,56.0,490775.4118268
10,2080.0,2568,99.5,100.75,566.5,216.0,372.5,476.0,1866.0,3002,621.5,2082.0,3602.4,3138.0,1893.6,2472.0,560.48,1691.36,567.2,844.0,611.7,3806,424.0,5824,11872,1357.5,213.0,2827.5,2452.0,2220.0,4543.0,3455.0,5.28,5694.0,17024,16128,1883.0,611.25,469.75,3770.0,3677.92,1979.0,1843.0,575.0,4070.4,1617.6,942.6,1123.2,550.8,123.8125,324.0,102.75,103.875,85.0625,1446.6,579.6,427.8,954.0,280.05,639.5,2540.0,1105.0,1351.5,157.08,1851.5,396.0,3510,640.5,814.2,159.5,442.0,558.0,212.75,358.25,88.75,152.0,276.0,211.25,845.4,395.5,56.025,36.125,271.5,194.56,604.8,787.5,37.125,70.5625,2.8125,185.25,111.8,67.25,375.25,468.0,44.05,26.3625,25.3375,106.6,13.725,405.6,1296.24,386.68,1500,389.5,355.5,253.75,119.25,650.0,190.25,515.0,170.0,744.25,282.0,257.48,390.5,890.4,337.68,2400.72,2861.0,1362.0,45.0125,169.625,655.0,24.375,45.0,20.2312,94.8125,100.6,109.125,1137.75,368.5,566.75,776.0,728.5,488.0,578.5,719.4,1047.25,983.5,753.0,170.0,215.84,31.55,14.09375,18.45,98.3875,31.88125,31.1375,10.125,44.718,722.0,27.6,49.44,12.825,69.3144,122.0,43.96,50.95,14.16,38.04,2127.0,280.25,1525.0,464.0,481.75,1157.0,372.75,69.7368,144.5,1066.25,339.2,1136.0,106.4375,19.3125,43.5,521.0,726.5,187.0,1167.0,3001.0,2247.6,336.9,2692,1741.44,8.925,519.36,1620.0,480.0,736.5,851.5,487.5,254.4,50.6875,756.816,577.2,268.0,392.0,136.5,1213.5,376.5,701.0,1225.0,118.4375,209.5625,151.5,1576.0,532.48,178.5,266.5,491.625,890.0,141.0,187.0,52.6125,112.0,590.25,531.5,281.25,161.75,12.175,11.575,7.9625,6.91875,5.4375,1483.2,1372.8,313.84,428.5,16.8,328.5,366.0,1619.5,669.0,280.2,429.0,543.5,326.1,809.0,547.0,148.32,687.36,954.0,1472.4,2385.0,680.72,215.0,839.76,544.0,177.25,639.0,232.0,83.75,1559.36,966.0,463.75,2225.0,1118.56,9.0,188.0,148.5625,446.0,1314.0,266.5,418.75,319.25,236.08,493.84,558.0,1400.64,287.5,158.1,2.96,188.75,86.0,58.0,489.0,7.425,865.2,1845.0,52.5625,20.975,266.5,232.0,100.35,49.5,89.25,2889.0,1071.5,139.0,780.0,424.8,95.0,214.8,255.75,278.5,220.0,300.9375,80.725,112.6875,7564,1555.1997514,514.656,50232,3212.0,4274,2919.6,60.0,491081.1595766
11,1770.0,2214,64.0,63.0,465.5,176.5,207.0,300.5,1915.0,2976,551.5,2028.0,3268.8,2524.8,1399.2,2361.6,247.48,1700.48,248.56,814.0,442.8,3428,392.96,5824,12320,1369.0,168.0,2679.0,2283.0,2178.75,4284.0,3248.0,1.8,5730.0,16800,15456,1742.0,347.0,480.5,3507.0,3692.32,1632.0,1307.0,385.5,3084.0,1218.0,633.0,643.2,511.2,110.0,146.025,99.825,87.25,63.5625,1401.0,581.4,324.3,678.9,151.95,620.0,1615.0,1010.0,1042.0,97.08,1519.5,292.0,2760,533.625,694.2,108.75,399.5,532.5,181.5,274.5,77.25,98.5,184.25,146.75,501.0,265.25,44.2,5.675,164.0,126.28,270.6,685.75,33.425,58.0,1.6875,123.0,63.6,62.9375,290.25,274.5,40.15,22.675,8.65,32.55,4.825,368.4,1177.36,291.12,1180,312.0,241.75,168.25,64.5,569.5,125.0,409.0,50.5,645.5,237.75,255.24,246.0,494.4,211.84,2397.36,2852.0,863.0,45.1625,159.25,340.0,14.85,33.725,19.9312,57.375,95.84,108.875,774.0,395.5,510.5,654.75,442.25,406.0,498.5,681.0,951.75,961.0,308.0,125.75,144.96,23.525,2.875,11.9125,88.6875,15.6,25.35,7.15625,3.302,637.5,29.64,5.76,5.325,68.868,91.84,40.28,45.375,2.56,19.84,2069.0,288.0,1382.0,170.75,297.75,671.0,266.25,35.4936,87.5,896.75,316.8,1069.0,39.0,15.625,41.0,420.0,657.5,192.5,908.0,2090.0,2034.0,318.9,2554,1680.96,6.8,289.52,1586.4,345.6,562.5,450.0,357.5,195.9,26.25,686.928,595.8,171.0,336.0,128.0,1108.0,304.0,678.5,844.0,9.1875,22.125,77.4,1527.0,529.08,146.0,257.0,442.875,627.0,49.5,184.0,44.7,110.16,511.0,342.75,262.25,93.5,12.96875,7.5875,0.28125,6.875,14.7,1501.52,643.2,203.92,368.5,13.425,328.0,364.75,1225.0,678.0,240.0,421.0,573.0,325.8,763.0,533.0,78.24,484.0,415.2,918.0,1991.0,646.0,201.25,780.4,440.0,130.5,240.0,131.0,78.75,956.8,980.5,456.0,2203.0,916.8,9.4125,165.875,126.25,366.0,785.0,250.25,319.25,307.0,148.56,293.2,428.5,612.16,206.5,140.1,3.08,183.0,82.75,48.425,322.0,7.3375,637.8,1504.0,12.0,6.6,184.5,276.5,80.775,41.25,76.5,1390.0,744.5,151.0,522.0,294.0,56.5,184.8,275.5,128.0,174.375,198.625,81.3,107.0,7454,1508.7997586,449.13599999999997,51744,2531.0,3512,1360.8,42.0,438389.9425345999
12,1113.0,1832,61.0,61.25,439.0,169.5,176.0,268.0,1638.0,2784,288.5,1813.0,2511.6,868.8,522.0,1447.2,168.52,1328.48,138.08,778.0,412.8,2192,56.64,6048,11872,980.5,101.0,2661.0,2322.0,1759.5,4184.0,2666.0,1.8,10776.0,17024,15456,1630.0,331.0,478.75,1942.0,3584.64,1503.0,945.0,300.5,2666.4,1078.8,536.4,564.0,500.4,115.4375,133.65,94.6875,78.25,61.125,1218.0,476.4,319.2,226.8,139.95,612.0,1710.0,882.0,983.0,35.4,1482.5,257.75,2620,481.875,679.2,61.5,421.25,437.5,168.0,151.5,46.5,33.75,173.0,59.0,335.4,233.0,9.125,3.875,99.5,63.84,253.2,464.0,33.65,64.3125,1.4375,62.75,8.2,49.375,173.75,157.5,4.05,4.975,8.5,29.6,3.63125,90.0,1172.56,285.68,1144,305.5,226.0,158.75,59.0,335.0,46.0,353.0,109.0,499.0,170.25,258.48,241.0,376.8,181.12,2302.32,2734.0,636.0,49.075,89.0,507.0,26.025,43.675,19.3928,82.5625,102.36,86.6875,1089.75,417.5,505.5,546.0,566.75,295.5,459.0,631.8,919.75,1012.0,163.5,102.25,211.28,32.35,14.25,17.35,97.65,36.31875,38.8875,7.15625,27.736,564.5,29.8,37.92,12.7375,79.56,126.92,32.56,55.225,2.72,10.36,1716.0,230.5,1515.0,152.5,261.25,532.0,158.5,32.135999999999996,80.0,735.0,315.74,828.0,38.25,11.75,37.5,307.0,643.0,166.0,756.5,1383.0,1501.2,234.3,1738,1600.16,5.75,399.6,1466.4,193.2,491.0,393.5,285.0,228.6,25.75,399.504,505.2,90.5,263.0,51.5,1102.0,284.5,580.0,736.5,9.8125,27.0,49.05,1291.0,481.16,136.25,64.5,317.25,618.0,38.0,118.75,12.825,39.12,504.0,40.75,208.75,123.0,19.925,3.94375,0.29375,6.9125,5.45625,1066.88,592.8,206.32,180.5,7.1125,255.0,197.0,1195.5,647.5,251.1,382.5,540.5,298.5,749.0,529.5,52.64,172.0,399.6,824.4,1813.0,647.76,181.25,668.0,351.0,135.25,186.0,60.0,79.25,838.72,740.5,351.0,1935.0,808.88,1.5,165.5,128.125,317.0,726.0,154.75,338.75,264.75,150.04,198.08,333.5,193.76,146.0,72.6,3.08,25.0,14.0,33.3,210.5,5.275,541.8,1462.0,6.625,3.6,58.0,87.25,67.2375,15.5,57.0,1873.0,740.0,90.0,322.0,267.3,63.25,183.3,260.5,123.0,183.4375,123.875,66.85,82.0,7398,1409.5997744000001,412.944,51240,2758.0,3280,1267.2,40.0,414130.701
13,2184.0,2566,95.75,100.0,706.0,213.5,348.0,412.0,1980.0,3202,597.5,2076.0,3684.0,3048.0,1939.2,2493.6,591.0,1601.6,543.68,791.5,525.9,4004,425.12,6272,11872,1291.5,212.0,2736.0,2620.0,2173.5,4219.0,3363.0,6.08,10797.0,17248,16128,1924.0,746.25,488.0,3712.0,3509.6,1962.0,1986.0,525.5,3946.8,1476.0,1008.0,1075.8,553.2,103.0625,303.975,101.25,90.375,104.25,1465.2,573.6,417.0,911.1,240.9,641.0,2537.0,1088.0,1287.0,146.64,1835.0,382.75,3298,639.75,813.0,160.0,417.25,568.25,197.5,311.0,92.5,149.75,260.25,204.25,768.6,390.5,57.275,35.35,256.5,181.92,632.4,725.75,41.2,70.4375,2.5625,188.75,110.2,69.3125,386.75,465.0,44.075,26.9125,28.4,105.75,16.875,358.2,1289.84,390.68,1508,415.0,348.5,239.25,144.25,618.0,191.25,565.0,171.75,759.75,254.5,253.28,411.5,866.4,358.96,2317.68,3021.0,1202.0,39.65,162.625,637.5,20.7,45.125,27.88,95.5,116.44,147.0,1265.25,408.0,557.25,643.75,638.25,442.0,609.0,723.3,1093.0,951.5,803.5,171.75,231.44,32.475,14.1875,19.325,105.9,33.1,24.475,11.6875,61.94,748.5,25.2,38.4,13.4125,80.07600000000001,119.04,36.88,52.025,9.76,26.32,2109.0,296.0,1598.0,475.75,492.5,1132.0,359.0,62.6784,57.25,1072.0,331.2,1066.0,102.1875,19.25,43.0,506.0,718.0,178.0,1225.5,2997.0,2236.8,331.8,2644,1771.28,7.75,521.28,1886.4,464.4,730.0,852.5,430.0,273.3,59.0625,736.32,579.6,290.0,362.0,138.0,1174.5,424.0,760.0,1266.0,162.125,212.75,143.85,1603.0,536.92,185.5,277.75,499.125,1033.0,139.0,187.0,61.5,116.24,534.25,531.75,313.75,149.25,17.325,12.2,7.00625,6.95625,9.4375,1508.64,1407.6,313.2,408.5,17.675,392.5,365.5,1648.0,642.5,245.4,438.5,512.0,313.2,783.5,600.0,140.8,728.32,861.6,1404.0,2465.0,706.32,211.75,877.12,613.5,181.0,664.0,245.0,84.25,1201.28,1020.25,467.75,2240.0,1100.48,9.75,196.375,248.3125,385.0,1267.0,262.75,397.25,381.5,240.28,494.48,531.0,1390.24,280.5,200.7,3.0,261.5,114.5,66.825,627.5,8.0875,828.0,1850.0,57.3125,25.75,174.0,363.25,79.8,40.0,84.5,2934.0,1079.5,220.0,760.5,315.3,62.5,179.4,245.25,144.5,196.09375,186.25,81.575,94.125,7454,1610.3997424000002,492.624,51408,2901.0,4028,3049.2,56.0,489113.3917752
14,2261.0,2586,96.75,101.0,612.5,210.5,365.0,453.0,1941.0,3272,653.0,2211.0,4041.6,3014.4,1898.4,2464.8,516.04,2077.12,600.88,792.0,591.3,4094,435.04,6496,12768,1312.5,197.0,2784.0,2663.0,2277.0,4795.0,3204.0,4.44,11190.0,18144,15680,1899.0,712.75,477.0,3709.0,3638.56,1986.0,1800.0,555.0,4018.8,1527.6,1051.8,1074.6,708.0,115.5,316.9125,117.1875,97.25,112.25,1504.8,610.8,507.9,943.5,222.45,606.0,2732.0,1072.0,1298.0,163.28,1901.5,358.5,3350,692.25,847.2,155.75,418.0,583.25,213.75,373.25,91.0,153.5,255.75,225.25,806.4,404.0,60.65,36.95,277.5,185.8,700.2,761.75,39.2,83.75,2.75,180.25,109.4,65.0625,421.5,486.0,45.3,28.1375,30.7625,110.1,18.5125,377.4,1303.6,384.8,1512,360.0,357.5,249.75,139.25,616.5,180.25,577.0,181.75,784.25,284.0,271.44,382.5,910.8,364.0,2353.44,2781.0,1278.0,46.15,165.5,711.75,19.425,44.225,27.38,130.625,103.12,124.0625,1431.0,413.0,586.5,776.0,681.5,529.0,631.0,766.5,1143.0,1044.0,896.0,174.0,230.16,31.2,14.1875,31.3,99.725,31.08125,27.1375,10.125,33.632,788.5,24.28,50.04,21.1,85.9272,151.6,44.32,53.175,9.6,23.72,2104.0,288.0,1660.0,463.0,531.25,1164.0,362.0,53.0544,43.75,1151.5,308.8,1189.0,98.75,27.5,47.75,562.5,762.0,211.25,1255.0,3039.0,2278.8,339.6,2658,1748.24,7.025,546.48,1701.6,471.0,721.5,860.5,479.5,308.1,55.5625,773.6160000000001,576.9,262.5,380.5,142.0,1253.5,429.0,735.5,1282.0,128.9375,189.8125,150.0,2080.0,524.44,188.25,284.25,477.0,1369.0,138.0,187.5,49.275,106.48,477.0,524.0,292.75,138.0,15.39375,17.71875,7.0625,6.9375,25.925,1653.44,1416.0,312.24,421.5,19.725,441.0,369.5,1556.0,630.0,238.8,452.0,518.0,306.9,722.75,542.0,144.32,756.32,859.2,1514.4,2448.0,696.8,224.5,922.48,585.5,180.75,686.0,199.0,92.25,1214.4,974.25,463.75,2339.0,1048.56,9.6,190.25,230.0,421.5,1318.0,259.5,426.0,447.5,232.68,499.12,554.5,1474.24,311.0,209.1,2.88,191.25,102.0,69.225,502.5,8.7,822.6,1951.0,48.25,21.025,290.5,315.5,86.325,42.25,99.75,2686.0,1068.5,231.0,801.0,302.7,66.25,180.0,271.75,120.25,169.6875,186.0,70.7,112.625,7400,1519.9997568,530.544,51744,2954.0,4216,2938.8,71.0,509341.5602712
15,2176.0,2420,95.5,91.5,519.0,199.75,355.0,427.0,1869.0,3016,604.0,2008.0,3628.8,3090.0,1896.0,2503.2,584.16,2012.0,486.72,1087.5,624.3,4500,453.6,6048,12544,1488.5,211.0,3066.0,2558.0,2152.5,4896.0,3256.0,6.72,10968.0,17248,15456,1950.0,723.0,479.5,3535.0,3611.36,1876.0,1841.0,597.5,4201.2,1564.8,1088.4,1191.0,802.8,135.625,340.5375,110.025,101.25,79.6875,1526.4,624.6,430.2,834.3,277.2,628.5,2774.0,1013.0,1233.5,144.52,1796.0,352.25,3198,537.0,816.0,158.25,441.0,585.5,187.0,328.0,103.0,131.5,235.75,200.25,762.6,357.5,58.525,32.95,267.5,193.28,581.4,731.5,39.075,70.0625,3.6875,178.5,98.8,66.6875,435.75,433.0,43.625,25.55,27.3875,112.65,17.91875,464.4,1372.88,353.28,1470,452.5,339.5,222.25,137.5,538.5,177.5,527.0,118.0,741.5,266.25,337.48,351.0,854.4,343.2,2370.96,2834.0,1265.5,43.6875,178.9375,604.5,21.975,44.8,20.2528,72.9375,93.32,139.375,1003.5,331.0,651.75,630.0,670.0,403.5,499.0,703.2,1094.75,1035.5,585.5,169.0,174.24,18.15,14.125,22.8875,83.9875,31.8875,22.575,9.03125,39.748000000000005,676.0,25.36,33.72,14.05,74.7888,107.52,30.0,54.0,7.44,26.2,2043.0,281.75,1496.0,473.0,458.5,1073.0,342.25,81.3336,39.5,1051.5,357.88,1027.0,87.3125,30.125,44.0,557.0,642.5,168.0,1144.5,2892.0,2151.6,335.1,2752,1806.32,6.425,458.56,1650.0,429.6,757.0,850.0,435.5,244.5,60.9375,732.576,577.2,253.5,370.0,133.0,1216.0,441.5,718.5,1149.5,119.25,236.25,139.95,1528.0,375.36,177.0,267.0,512.625,1332.0,140.75,192.5,55.05,83.92,584.0,518.0,277.75,142.5,11.98125,11.0375,7.3375,10.58125,7.6375,1495.44,1426.8,250.64,415.0,20.325,385.0,368.0,1491.0,661.5,334.8,462.5,538.0,341.1,872.0,488.0,134.08,696.64,626.4,1587.6,2273.0,695.52,216.0,893.68,548.0,177.5,614.0,200.0,83.0,1157.6,1015.5,451.75,2165.0,1085.84,5.2125,189.0625,244.6875,401.5,1234.0,252.0,396.25,314.25,235.2,456.08,496.5,1537.12,288.0,156.9,2.88,184.0,79.75,68.925,508.0,6.5,889.8,1812.0,45.0625,20.825,287.5,296.5,78.975,52.75,113.25,2817.0,992.5,971.0,778.5,358.5,78.25,184.8,239.5,118.5,164.0625,227.0,79.275,85.1875,7454,1847.9997046,493.92,51240,2801.0,3804,2953.2,80.0,495929.0438038
16,2237.0,2450,98.5,90.5,526.5,212.0,453.5,443.5,1886.0,3084,601.0,2106.0,3730.8,3132.0,2032.8,2533.2,667.6,1799.2,603.92,1109.5,618.6,4604,461.92,6272,12544,1357.0,226.0,4122.0,2536.0,2291.25,4815.0,3423.0,2.56,5502.0,16800,15680,1789.0,643.0,482.5,3724.0,3449.76,1894.0,1911.0,606.5,4206.0,1665.6,1196.4,1251.6,801.0,145.125,367.3125,121.65,111.9375,89.0,1539.6,654.0,456.9,829.5,228.9,702.0,2856.0,1395.0,1332.0,145.32,1825.5,368.5,3254,550.125,807.6,155.0,417.0,569.5,193.0,363.75,79.25,146.0,268.0,223.0,729.6,355.5,58.1,33.1,276.0,184.76,597.6,722.75,47.9,72.5,3.0625,170.25,90.8,70.375,446.75,428.0,42.925,25.7,25.5125,105.15,13.875,613.8,1408.24,434.68,1494,454.75,369.75,224.5,129.75,520.0,168.75,662.0,120.25,716.0,262.75,257.48,371.5,884.4,380.0,2352.72,2859.0,1244.0,40.2,172.75,607.0,35.8125,45.175,31.7712,81.0625,135.6,133.4375,1064.25,378.5,653.75,707.25,665.5,401.0,495.0,709.8,1068.25,1005.0,350.0,163.75,190.08,31.2,14.0625,17.9625,85.2625,32.98125,17.2,10.34375,21.074,622.5,24.96,27.48,13.1875,37.7808,120.28,15.6,55.825,5.76,43.52,2078.0,270.25,1463.0,471.5,432.5,1084.0,353.5,68.1,46.5,1054.25,430.4,1048.0,113.1875,32.3125,44.5,530.0,619.0,173.5,1175.0,2882.0,2217.6,362.4,2732,1854.8,8.4,437.2,1699.2,419.4,848.5,872.0,467.0,232.5,59.125,755.904,574.2,264.0,391.0,134.0,1185.0,381.0,674.5,1146.0,112.75,244.5625,158.1,1556.0,371.2,179.75,282.75,511.125,1201.0,143.75,187.25,49.3125,84.56,597.5,528.0,274.5,139.25,12.5,7.61875,6.89375,6.9875,8.425,1555.12,1447.2,258.16,370.0,26.0375,255.0,371.5,1886.0,775.0,331.5,468.0,631.0,387.0,952.0,532.5,185.44,732.8,781.2,1629.6,2232.0,704.64,218.75,904.0,518.5,176.75,649.0,197.0,86.5,1186.08,1005.25,452.0,2252.0,1068.96,5.1,188.3125,247.25,391.5,1176.0,248.5,419.5,327.0,239.84,476.32,489.5,1557.6,278.0,163.5,2.88,189.0,86.25,68.425,491.0,6.1125,946.8,1893.0,49.0625,25.95,247.0,342.0,85.8375,47.75,104.0,2798.0,998.0,1068.0,767.0,370.5,70.5,184.8,275.25,130.5,164.21875,203.375,74.225,107.625,8686,1535.199754,501.744,50400,2815.0,3856,3078.0,103.0,496755.20206760004
17,2183.0,2390,95.0,87.25,671.0,201.5,397.5,385.0,1897.0,3042,625.5,2036.0,3811.2,3213.6,1989.6,2590.8,519.76,2077.92,618.56,1009.5,603.9,4520,470.4,6272,12096,1489.0,211.0,4144.5,2552.0,2209.5,4834.0,3398.0,2.88,5445.0,16800,15680,1787.0,564.5,483.0,3710.0,3761.28,1894.0,1825.0,571.0,4076.4,1621.2,1070.4,1117.2,693.0,124.9375,368.1,101.5875,100.125,81.4375,1561.8,623.4,444.0,835.2,200.4,662.0,2756.0,1401.0,1326.0,138.52,1832.0,395.5,3192,573.375,771.6,151.25,607.0,564.25,189.5,349.0,84.75,136.0,274.5,219.0,725.4,368.5,57.325,33.6,227.5,193.32,601.2,752.25,43.325,73.25,3.5,170.25,87.4,70.0,395.75,424.0,42.675,26.125,26.125,110.225,18.35625,429.0,1376.64,407.8,1492,506.5,347.25,217.75,124.5,521.5,172.5,515.0,141.75,683.75,261.5,232.04,367.0,897.6,384.88,2418.72,2792.0,1211.0,48.65,174.875,571.0,22.425,44.25,21.7928,76.875,112.36,127.875,1024.5,371.0,663.0,631.75,686.0,407.0,503.5,681.3,1064.5,987.0,296.5,157.5,187.68,31.3,14.125,16.925,85.525,33.13125,25.1,7.21875,22.381999999999998,658.0,24.4,45.36,12.3,70.188,118.32,37.56,51.425,5.84,42.44,2004.0,288.5,1535.0,481.25,422.5,1106.0,346.0,64.2696,47.5,1005.25,430.12,1022.0,98.75,30.3125,44.0,531.0,651.5,188.5,1084.5,2851.0,2336.4,343.2,2754,1847.36,8.175,453.84,1672.8,346.2,777.5,896.0,416.0,218.4,68.8125,717.312,602.4,261.5,386.5,141.0,1181.0,376.5,742.0,1127.0,109.5625,226.3125,138.6,1585.0,367.32,181.75,268.5,488.25,1446.0,146.5,183.0,54.8625,83.2,546.0,547.5,255.5,134.0,12.075,7.55,6.81875,7.15,8.41875,1514.08,1368.0,242.64,376.5,19.85,248.5,372.5,1809.5,746.5,295.2,439.5,618.0,384.6,961.75,537.0,136.32,699.36,457.2,1662.0,2215.0,705.6,219.5,884.16,530.0,170.75,583.0,210.0,81.5,1146.88,1013.0,458.0,2160.0,1156.8,8.8125,191.25,229.375,397.5,1186.0,251.25,391.0,334.25,237.12,459.92,498.0,1410.4,279.5,152.7,2.92,188.0,81.75,63.725,494.5,7.4375,890.4,1900.0,61.9375,27.675,235.0,303.25,98.25,48.5,94.75,2744.0,949.0,1228.0,743.0,365.4,75.75,181.2,294.0,131.25,193.59375,156.375,62.525,90.5,8744,1517.5997574,481.392,49896,2850.0,3880,2913.6,105.0,495187.8221278
18,1890.0,2176,58.5,64.75,425.0,189.0,237.5,273.0,1846.0,2972,563.0,2030.0,3343.2,2587.2,1387.2,2499.6,277.24,1623.04,331.2,919.5,436.5,4422,421.12,6272,11872,1239.0,116.0,4054.5,2317.0,1915.5,4462.0,3248.0,2.4,5175.0,17024,15456,1818.0,421.0,479.5,3476.0,3732.32,1688.0,1306.0,398.5,3187.2,1214.4,651.6,659.4,576.6,118.75,146.475,105.1875,85.8125,60.6875,1489.2,603.0,297.6,684.0,117.3,622.5,1630.0,1252.0,1146.5,89.08,1519.0,278.75,2614,496.5,689.4,108.75,458.0,577.5,207.5,308.5,64.25,100.25,177.25,163.5,490.8,276.0,41.3,6.025,182.5,137.48,259.8,700.5,33.2,73.0,1.6875,119.25,75.2,69.75,257.25,304.5,39.4,23.675,7.2875,34.9,5.55,148.8,1199.28,309.12,1170,282.0,227.25,129.75,71.75,530.5,129.75,402.5,50.0,638.75,238.5,236.2,247.0,517.2,200.24,2427.84,2378.0,833.0,42.725,164.125,391.75,21.9375,34.775,19.4952,106.1875,98.32,104.5,735.0,395.0,612.25,697.5,468.5,440.0,471.5,674.1,1014.25,950.5,209.0,118.5,130.8,16.15,7.125,14.1375,86.2,27.5625,22.6625,12.5625,17.814,612.5,22.56,6.24,5.35,31.0224,41.96,37.72,43.65,2.8,45.28,2073.0,267.25,1237.0,177.0,299.0,702.0,259.75,33.036,38.0,1012.0,333.86,970.0,37.875,26.25,42.5,429.0,602.0,184.0,918.5,2000.0,2046.0,332.7,2562,1730.24,6.3,253.04,1627.2,287.4,504.0,437.5,332.5,223.8,27.25,662.832,590.1,212.0,348.5,127.5,1133.0,259.0,673.0,829.5,9.25,33.375,81.45,1562.0,354.52,141.25,229.25,472.875,892.0,35.75,186.0,39.3,92.08,512.25,292.0,249.75,95.0,12.0875,5.625,6.81875,6.8375,5.4375,1511.68,692.4,193.12,353.5,10.85,250.5,370.0,1331.0,715.0,257.7,447.0,630.0,336.9,859.25,500.0,76.64,406.56,414.0,975.6,1954.0,635.44,195.25,837.68,442.0,139.5,238.0,126.0,78.75,922.4,859.25,448.0,2202.0,976.0,5.1375,172.0,114.625,336.0,705.0,258.25,322.25,270.5,154.32,330.88,419.5,544.64,189.5,181.8,3.04,186.75,73.5,32.75,328.0,5.175,693.0,1588.0,16.625,10.45,181.0,276.75,75.525,35.75,69.0,2102.0,744.5,851.0,438.5,312.0,59.75,183.9,276.25,123.0,201.71875,138.6875,70.5,80.125,8632,1393.599777,461.52,50064,2510.0,3278,1248.0,72.0,443206.9062916
19,1279.0,1794,57.5,64.0,403.5,182.25,181.0,253.5,1580.0,2774,294.5,1785.0,2677.2,966.0,573.6,1412.4,159.52,1305.6,129.52,786.5,422.7,3122,56.8,5824,11872,1448.5,104.0,3966.0,2376.0,1965.0,4656.0,2758.0,2.4,4935.0,16800,15456,1538.0,289.0,472.25,1983.0,3679.36,1568.0,1034.0,293.5,2824.8,1016.4,564.6,544.8,617.4,127.0,127.575,112.125,91.4375,60.625,1318.8,597.0,294.9,433.2,123.15,627.0,1801.0,1105.0,1029.5,35.28,1400.5,252.75,2582,443.25,676.2,62.75,375.75,433.5,178.0,127.75,48.5,33.25,201.75,62.25,344.4,240.0,9.025,4.65,125.0,64.4,250.2,485.75,34.525,71.5625,1.5,63.5,8.2,66.3125,176.0,163.0,4.3,4.9,7.475,31.15,3.8875,93.0,1210.56,304.92,1100,285.75,224.5,149.0,58.75,295.0,50.25,316.5,119.0,489.5,168.5,250.96,238.0,428.4,175.92,2325.12,2383.0,625.0,38.375,93.8125,451.5,18.6,43.0,19.3544,83.125,86.84,95.25,892.5,402.0,521.25,552.5,519.25,306.5,447.5,610.5,968.25,939.0,128.5,97.0,183.6,30.05,14.09375,17.2875,86.1,35.1625,30.0375,7.09375,47.292,572.0,27.72,33.12,12.6125,61.5168,111.88,33.12,49.05,2.64,25.28,1679.0,211.0,1462.0,157.75,270.0,552.0,162.5,22.8888,39.5,560.5,336.8,813.0,35.75,20.625,37.5,357.5,610.5,167.0,763.0,1852.0,1779.6,251.7,1734,1720.4,6.5,379.36,1549.2,191.4,553.5,376.5,285.0,200.1,25.875,405.84,523.5,81.0,275.5,50.5,1114.5,265.0,577.0,705.5,9.25,27.375,56.85,1438.0,351.72,121.0,51.75,312.75,764.0,33.25,117.25,12.7875,39.36,514.0,48.0,217.0,115.5,13.29375,3.95,0.25,1.19375,5.43125,1243.6,624.0,191.04,176.5,7.125,255.5,194.5,1397.0,722.5,275.7,413.0,567.0,296.7,791.0,505.0,73.76,168.64,379.2,876.0,1764.0,638.16,180.25,708.08,424.5,129.5,186.0,62.0,75.25,832.96,768.0,371.5,1918.0,821.76,1.425,173.9375,125.0625,338.0,664.0,153.0,316.75,264.75,154.64,189.12,314.0,223.04,149.0,90.6,3.08,26.0,13.25,26.85,212.5,2.325,592.2,1504.0,7.875,4.125,42.0,83.5,74.3625,10.25,56.5,1525.0,729.0,818.0,299.0,300.3,77.25,180.9,294.75,177.75,186.5625,155.5625,77.425,95.3125,8684,1287.1997939999999,432.72,50232,2228.0,3036,1194.0,40.0,404121.1977454
20,2121.0,2276,99.5,113.75,519.5,212.5,376.5,416.0,1746.0,3082,569.5,1966.0,3538.8,3148.8,1864.8,2503.2,512.04,2004.64,533.92,863.0,620.7,4460,337.28,6720,12096,1566.0,191.0,4075.5,2616.0,2214.75,4640.0,3342.0,7.08,6870.0,17696,15904,1885.0,531.75,481.75,3376.0,3544.32,2012.0,1895.0,583.0,4339.2,1570.8,982.2,1111.8,807.0,137.875,387.675,131.775,100.875,86.1875,1493.4,601.8,643.2,810.3,271.95,632.0,2433.0,1343.0,1332.5,146.72,1844.0,384.75,3306,569.25,814.2,175.5,485.5,613.25,205.75,350.0,82.0,137.75,295.5,210.5,780.0,366.25,59.125,37.675,243.0,203.48,595.2,731.5,43.775,70.6875,3.875,200.25,117.4,64.3125,374.75,435.5,41.775,26.2,26.675,116.5,17.63125,534.6,1367.2,400.12,1502,434.5,390.25,242.0,173.5,551.0,199.75,486.0,148.25,750.25,268.5,239.2,360.0,940.8,395.2,2495.28,2500.0,1260.0,44.925,169.125,604.5,22.1625,42.85,21.2136,79.125,163.08,127.3125,963.0,385.0,569.5,673.0,718.5,425.0,532.0,671.7,1059.0,934.5,728.0,171.0,172.8,31.475,14.3125,18.1625,86.6125,32.65625,30.425,11.0625,41.211999999999996,647.0,25.96,38.4,14.5,50.1888,115.52,32.88,52.275,11.28,23.4,2041.0,294.5,1467.0,494.0,447.5,1144.0,361.5,80.928,215.0,1049.25,401.06,1064.0,113.5,21.875,43.5,493.0,648.0,176.0,1114.5,2921.0,2142.0,334.2,2696,1815.92,8.15,456.8,1810.8,430.2,775.0,854.0,453.5,225.0,64.625,713.808,581.4,288.0,381.0,136.5,1210.0,350.0,716.5,1238.5,150.75,212.9375,142.8,1497.0,361.96,170.25,267.5,481.875,1182.0,150.25,172.0,56.025,107.2,560.0,587.0,253.25,139.25,12.70625,5.7125,6.9625,6.95,5.49375,1464.32,1447.2,249.92,354.0,17.1125,256.5,364.0,1786.0,750.5,311.1,466.5,617.0,340.2,886.5,506.5,165.92,703.52,806.4,1537.2,2360.0,699.76,224.25,861.12,535.5,177.75,576.0,221.0,83.5,1257.76,1021.75,464.5,2142.0,1053.12,9.6375,192.6875,264.1875,385.5,1276.0,237.5,371.25,316.25,236.0,468.0,503.5,1226.72,313.0,163.8,2.92,301.25,111.75,69.2,524.0,8.2875,888.0,1886.0,74.9375,25.05,208.5,360.5,92.175,40.75,187.75,3021.0,994.0,1101.0,735.0,518.1,176.0,183.3,295.5,332.25,293.28125,214.5625,77.125,134.0,8630,1427.1997715999998,522.96,49224,2830.0,4086,3105.6,103.0,467593.3603512
21,2108.0,2432,97.25,95.75,533.5,216.25,415.0,449.0,1827.0,3024,582.0,1981.0,3574.8,3162.0,1898.4,2523.6,548.12,1977.76,548.16,820.0,590.1,4620,469.6,6720,11200,1419.0,219.0,4054.5,2514.0,2239.5,4636.0,3438.0,6.96,8883.0,17920,15680,1841.0,596.75,472.25,3732.0,3722.24,2085.0,1873.0,565.0,4364.4,1534.8,1000.8,1102.8,772.8,129.6875,372.4875,130.35,92.25,84.125,1483.2,629.4,387.6,843.9,285.0,659.0,2558.0,1151.0,1293.0,147.88,1814.0,375.25,3260,576.75,825.6,152.25,479.5,567.25,199.0,352.5,89.5,138.75,284.25,215.0,778.8,364.0,60.675,36.6,239.5,187.24,589.2,777.0,45.35,72.25,4.5625,198.25,94.0,64.375,410.75,472.0,43.625,27.475,26.575,113.175,17.68125,363.0,1188.08,392.0,1574,399.0,393.5,258.5,152.0,547.0,200.5,492.0,155.0,686.0,260.0,246.68,391.0,987.6,375.44,2506.56,2607.0,1394.0,49.6,166.5,605.0,18.3,44.775,19.3992,78.375,104.52,116.5,1008.0,402.5,587.25,775.5,597.5,435.5,523.0,672.0,1124.5,905.5,837.0,168.0,218.16,25.05,14.0625,17.025,86.975,30.4125,45.2,9.0625,53.263999999999996,657.0,26.88,36.84,13.5125,65.5296,160.68,32.88,52.025,11.12,19.6,2061.0,258.5,1421.0,476.75,461.5,1148.0,359.25,75.48,160.0,1094.5,411.48,1068.0,109.6875,21.5,45.75,489.0,644.0,188.5,1130.0,3068.0,2160.0,339.3,2722,1857.36,5.875,478.32,1617.6,435.0,796.0,904.0,470.0,209.4,75.375,684.48,630.0,288.0,413.0,138.0,1233.0,355.0,738.5,1214.5,113.8125,208.4375,153.3,1492.0,365.76,169.5,262.0,497.625,1161.0,149.75,181.75,53.7,115.76,591.75,584.5,242.0,136.5,12.69375,5.76875,6.9125,7.04375,5.3875,1499.84,1436.4,283.12,366.5,18.1625,256.5,358.75,1699.5,745.5,313.5,453.0,590.0,346.8,831.5,574.0,171.52,739.04,808.8,1600.8,2414.0,723.28,224.25,877.28,550.0,180.0,610.0,249.0,83.5,1274.08,1027.25,458.5,2109.0,1142.8,11.175,192.9375,214.9375,379.0,1319.0,242.5,369.5,309.5,246.88,495.76,500.5,1416.48,296.5,196.2,2.88,201.0,78.5,64.5,517.5,9.3625,896.4,1955.0,53.125,20.45,219.0,299.25,91.2375,41.5,85.5,3034.0,1050.5,1579.0,710.5,492.9,209.75,183.6,307.25,311.5,279.21875,327.0625,79.35,235.5625,8464,1480.7997632000001,592.32,49392,2983.0,4000,2974.8,60.0,477146.1954322
22,2146.0,2346,99.75,95.25,539.5,217.75,401.5,462.0,1822.0,3062,588.0,1994.0,3670.8,3201.6,1908.0,2575.2,533.76,1927.52,501.28,800.0,592.8,4488,481.12,6720,11648,1529.5,219.0,3531.0,2518.0,2270.25,4630.0,3340.0,11.28,4326.0,17696,15232,1805.0,607.0,476.0,3698.0,3641.12,2021.0,1858.0,580.0,4342.8,1372.8,1018.8,1138.2,754.8,140.0,376.65,129.075,114.25,86.25,1510.8,613.8,392.4,834.0,269.85,662.0,2518.0,1094.0,1327.5,144.92,1875.0,421.5,3276,542.25,814.8,155.0,471.0,576.5,203.75,373.75,92.25,135.25,296.5,225.25,769.8,376.5,55.95,38.425,281.0,196.36,583.2,772.5,41.075,73.6875,4.0625,198.0,112.6,66.8125,423.25,458.5,42.575,26.0875,25.8625,110.125,14.35,414.6,1351.92,376.24,1488,412.0,365.5,256.0,129.0,531.0,193.5,500.0,149.5,707.5,264.5,242.76,364.5,1161.6,388.64,2468.16,2846.0,1317.0,48.4125,170.375,632.5,19.6875,46.1,19.6816,95.3125,103.04,142.4375,964.5,405.0,587.5,661.0,727.75,425.5,488.0,685.2,1063.5,942.0,897.0,170.5,203.12,31.6,14.03125,16.15,86.475,32.9,30.2625,10.5625,17.36,638.0,34.04,33.84,13.0625,74.3688,124.2,31.68,44.425,5.84,22.12,1941.0,280.5,1434.0,493.5,457.25,1103.0,358.0,73.1136,191.25,1090.5,403.2,1057.0,123.875,23.375,43.75,510.5,666.5,183.25,1147.5,2964.0,2131.2,363.0,2644,1852.96,8.675,460.64,1717.2,412.2,803.0,897.5,442.5,212.4,64.4375,741.552,605.7,294.5,373.0,138.5,1254.0,360.5,741.5,1170.5,103.1875,228.25,144.6,1501.0,368.64,172.25,270.0,514.875,952.0,146.5,180.25,54.7875,111.44,549.0,621.25,257.75,143.25,11.83125,5.8,6.95625,7.06875,8.35625,1564.96,1372.8,256.64,354.0,20.325,256.0,359.5,1666.5,738.0,367.2,463.0,603.5,362.4,883.5,578.0,160.16,752.96,726.0,1616.4,2312.0,724.08,224.0,867.52,544.0,175.25,626.0,250.0,83.75,1276.0,1020.75,460.75,2162.0,1058.96,6.225,197.9375,229.125,387.5,1311.0,247.5,395.0,307.75,257.4,485.6,500.0,1513.76,306.5,252.0,2.92,195.25,74.75,69.075,595.5,10.575,870.0,1917.0,51.6875,27.0,221.5,276.0,80.8125,41.75,93.0,2799.0,1011.0,1702.0,791.0,510.3,209.75,185.4,300.5,317.5,292.96875,321.125,79.0,231.5,8632,1714.3997258000002,511.056,46032,2947.0,4028,2930.4,65.0,469741.94102420006
23,2077.0,2464,96.75,97.0,515.5,216.0,366.5,445.0,1867.0,3094,596.0,1989.0,3555.6,3102.0,1917.6,2546.4,593.32,1734.88,527.92,793.0,612.9,4330,444.0,6944,11200,1334.0,205.0,3993.0,2455.0,2254.5,4581.0,3198.0,8.24,10896.0,17248,16352,1745.0,553.0,480.5,3584.0,3672.32,1981.0,1930.0,592.5,4442.4,1578.0,1045.8,1138.8,786.0,138.1875,410.625,120.5625,104.5625,103.375,1589.4,744.0,393.3,840.6,276.9,685.0,2495.0,1390.0,1338.0,162.28,1836.0,387.5,3252,572.625,824.4,171.5,457.0,627.75,200.25,369.0,66.5,146.0,269.75,212.5,757.8,362.75,56.425,37.875,256.0,182.84,570.0,762.75,42.275,88.625,2.625,178.0,93.0,75.875,376.5,464.5,44.3,26.2,25.8875,110.0,17.35625,409.8,1362.64,384.4,1484,389.0,366.5,260.0,139.25,549.5,193.0,482.0,141.25,695.0,254.75,242.0,362.5,1078.8,371.84,2479.68,2487.0,1323.0,39.2125,175.1875,638.75,22.5,46.6,21.1392,96.0625,92.48,112.0,948.0,375.0,582.5,669.0,718.0,423.0,506.0,697.5,1087.25,1016.5,847.5,159.0,191.6,33.55,14.0625,17.7625,81.6375,31.85625,41.4375,17.21875,17.214000000000002,658.5,26.68,49.44,12.575,78.7824,113.24,32.4,53.225,7.68,44.32,2035.0,263.75,1375.0,469.75,459.75,1136.0,352.25,63.431999999999995,137.75,994.0,425.6,1076.0,104.625,29.5,51.0,510.5,654.5,380.5,1161.0,2953.0,2119.2,300.6,2716,1858.8,9.675,444.96,1650.0,431.4,751.0,879.0,436.0,213.9,58.6875,717.168,600.0,310.5,399.5,136.5,1198.0,377.0,699.5,1160.0,113.3125,241.5,133.8,1521.0,360.88,174.75,288.5,490.5,1052.0,144.75,181.0,96.0,87.52,532.0,509.0,261.25,138.25,12.0375,7.8125,6.85,7.05,5.425,1459.04,1428.0,253.28,390.0,27.0125,257.0,361.25,1744.5,732.5,310.5,446.5,604.0,363.3,901.5,595.5,292.64,781.28,740.4,1545.6,2240.0,730.08,223.25,890.88,538.0,175.0,611.0,235.0,86.25,1238.88,1061.0,469.0,2166.0,1096.8,6.4125,193.8125,219.0625,394.0,1267.0,262.0,388.5,307.75,247.6,478.56,518.0,1517.6,310.0,183.0,2.92,191.5,75.0,69.45,573.0,8.55,896.4,1900.0,52.75,21.625,242.0,317.75,91.9125,42.0,90.5,2891.0,985.5,1779.0,754.5,512.1,207.0,192.6,297.75,304.0,300.78125,344.5,87.9,236.625,8798,1446.3997684,494.11199999999997,48552,2767.0,3982,2953.2,68.0,467085.36603579996
24,2068.0,2402,98.0,91.5,504.0,223.75,394.0,416.0,1863.0,3070,620.5,2072.0,3534.0,3100.8,2019.6,2594.4,573.0,2015.04,436.4,908.0,586.2,1230,181.28,6720,11200,1236.5,222.0,4144.5,2518.0,2213.25,4111.0,3384.0,6.36,10080.0,16352,16576,1712.0,610.75,483.5,3678.0,3736.8,1956.0,1905.0,597.5,4357.2,1636.8,1173.6,1232.4,607.8,141.8125,422.2125,95.325,94.3125,67.3125,1582.8,641.4,390.6,809.4,232.2,684.0,2592.0,1445.0,1311.0,150.4,1834.0,411.75,3298,553.875,799.2,151.5,459.0,619.75,193.75,372.75,69.0,156.25,292.0,215.25,726.0,360.75,58.05,36.95,245.5,191.52,580.8,768.75,34.4,67.75,3.75,169.5,95.0,67.625,395.75,421.0,42.6,25.9,25.075,110.15,17.59375,416.4,1388.32,381.68,1458,393.25,362.5,256.5,146.75,521.5,187.0,495.0,156.0,702.25,249.0,244.56,374.0,1086.0,383.84,2495.52,1938.0,1263.0,44.525,173.5,619.5,25.9875,45.2,19.7304,75.9375,134.84,116.25,949.5,424.5,584.25,669.5,750.25,434.0,497.0,686.7,1039.25,974.5,733.0,170.25,189.6,32.875,14.25,18.65,92.05,31.45,29.225,8.90625,36.378,670.5,25.92,31.44,12.45,69.9024,136.76,30.84,49.65,9.84,39.56,2050.0,271.5,1465.0,472.75,397.25,1064.0,353.5,88.656,159.25,1067.5,488.54,1114.0,122.375,26.8125,54.0,512.0,638.5,182.75,1084.5,2976.0,2155.2,292.8,2736,1860.8,7.575,456.64,1759.2,350.4,739.5,931.0,428.0,227.1,70.625,693.936,582.0,280.5,369.0,136.0,1188.5,402.5,664.0,1122.0,116.125,236.8125,148.05,1553.0,369.44,173.5,281.75,543.0,1171.0,153.25,180.25,54.9,95.52,590.5,459.25,260.75,137.75,13.71875,5.775,6.85625,7.10625,5.51875,1485.84,1381.2,260.48,378.0,20.6625,256.0,208.25,1685.5,746.5,353.1,486.0,652.5,372.0,1043.25,634.5,163.84,674.08,708.0,1615.2,2198.0,731.12,224.0,857.04,510.5,172.5,633.0,251.0,86.0,1166.08,1024.75,437.5,2378.0,1084.64,4.9875,194.125,142.1875,396.0,1196.0,260.25,401.5,317.5,255.72,447.84,504.0,1403.84,321.5,157.5,2.88,200.0,76.75,62.625,551.0,8.6375,969.0,1895.0,61.4375,27.825,222.0,275.5,93.15,42.5,117.25,2895.0,966.0,1785.0,768.5,559.2,242.0,180.6,306.25,320.5,308.90625,341.25,88.325,218.0,8630,1396.7997765999999,459.648,43680,2863.0,3950,2912.4,66.0,462485.36677659996
25,1834.0,2164,60.25,65.5,434.5,191.5,222.0,266.5,1754.0,2976,529.0,1974.0,3127.2,2581.2,1410.0,2472.0,275.84,1610.72,219.76,791.0,428.4,980,76.96,6496,10976,1123.0,154.0,4096.5,2265.0,2053.5,4500.0,3012.0,2.52,8022.0,16128,15456,1620.0,384.0,470.0,3702.0,3770.24,1551.0,1312.0,397.5,3165.6,1183.2,567.6,645.6,568.8,124.6875,167.9625,97.6875,88.0,67.75,1496.4,580.2,292.2,656.1,127.95,646.0,1805.0,1144.0,1010.0,94.0,1520.0,288.0,2644,515.25,693.0,121.0,435.25,564.0,227.5,313.5,66.0,111.75,206.5,154.75,467.4,278.25,39.65,4.675,139.0,125.4,261.0,708.5,30.9,65.8125,1.5,111.75,65.8,67.5,249.0,287.5,39.075,23.475,6.4125,30.3,4.6375,336.0,1206.24,281.52,1252,290.5,239.25,155.5,76.25,545.5,60.5,390.5,50.5,607.25,238.0,236.08,239.0,638.4,214.48,2477.04,1894.0,836.0,42.45,169.25,357.0,22.725,33.8,20.5176,105.375,86.16,116.4375,741.0,431.0,539.5,598.75,460.25,371.0,412.5,651.6,1015.5,937.0,542.5,112.75,157.76,15.45,2.1875,14.75,86.2875,13.2,22.2125,8.4375,3.2939999999999996,583.0,30.08,4.44,5.35,62.3208,44.8,32.2,45.425,2.64,49.64,1980.0,280.0,1178.0,190.25,248.5,670.0,237.5,34.632,72.5,925.0,372.52,1018.0,36.8125,22.5,51.0,408.0,583.5,151.5,840.0,2108.0,1989.6,295.5,2412,1771.68,8.775,303.92,1554.0,289.8,487.0,447.5,344.5,214.2,28.0625,640.656,616.8,164.5,334.5,125.0,1082.5,289.0,632.0,829.5,9.4375,22.5,79.65,1519.0,340.64,135.0,262.0,468.375,727.0,46.75,180.0,44.9625,90.88,540.75,208.5,227.0,91.25,13.00625,5.78125,6.9,6.75625,8.4125,1398.08,661.2,196.0,327.0,17.275,255.5,195.25,1384.0,791.0,286.5,475.5,633.5,356.1,813.25,579.5,99.68,394.08,462.0,986.4,1891.0,668.48,212.25,789.52,431.5,133.25,207.0,113.0,78.25,852.16,843.25,387.5,2106.0,957.28,4.875,164.4375,107.0,380.0,701.0,251.5,304.0,277.75,154.84,297.76,426.0,593.12,215.0,240.6,3.0,190.75,82.0,40.625,323.5,7.025,689.4,1552.0,12.6875,10.2,195.5,260.5,85.6125,36.75,75.75,1753.0,743.5,1626.0,514.0,483.0,226.5,178.5,298.0,148.0,356.5625,289.4375,83.95,207.75,8628,1300.799792,431.088,49392,2246.0,3298,1454.4,42.0,405971.1329658
26,1292.0,1806,56.25,63.0,407.0,187.75,186.5,246.0,1454.0,2778,256.5,1796.0,2508.0,826.8,588.0,1424.4,189.28,1340.16,212.32,706.0,415.2,3368,79.04,6272,11200,1302.0,134.0,4083.0,2237.0,1830.0,4540.0,2427.0,2.56,8055.0,15904,16576,1559.0,242.75,467.25,2032.0,3756.48,1440.0,1050.0,288.5,2755.2,1010.4,530.4,568.8,747.6,136.125,144.0,106.95,97.8125,65.6875,1467.6,573.0,307.8,438.0,138.9,619.5,1551.0,997.0,940.0,37.92,1350.0,267.5,2492,443.25,678.0,59.25,424.75,449.5,194.75,153.25,48.5,43.0,188.75,66.0,325.2,234.0,8.1,4.625,98.5,59.08,262.2,468.5,30.975,63.3125,1.5625,66.25,8.2,67.625,122.75,154.5,3.875,4.5625,5.1875,30.7,3.35,90.6,1171.52,284.32,1108,297.75,229.75,160.0,57.75,316.0,43.5,295.0,100.5,482.0,140.0,247.24,210.0,559.2,173.36,2366.88,2269.0,686.0,32.95,93.4375,440.75,34.4625,44.525,20.3344,103.75,85.96,102.4375,1066.5,416.0,569.5,564.0,710.25,330.0,486.5,614.1,885.5,928.0,150.5,99.25,218.64,31.575,14.1875,16.5875,91.425,33.5125,19.9375,8.8125,31.166,575.5,25.84,31.68,12.6,55.0968,112.04,32.04,49.475,2.64,15.52,1742.0,222.0,1405.0,152.25,213.75,501.0,212.25,24.1896,73.25,643.75,327.72,924.0,35.625,17.25,44.75,342.5,591.0,145.5,719.0,1749.0,1789.2,240.0,1648,1716.08,8.875,387.12,1376.4,189.6,487.0,385.0,288.0,199.5,25.125,383.76,518.1,87.5,346.5,50.0,1073.0,296.5,551.0,740.0,9.375,26.5,51.0,1394.0,342.68,114.25,51.75,349.5,1006.0,30.0,136.25,16.5,44.56,510.75,41.5,218.5,113.0,13.20625,3.975,0.29375,0.6375,5.50625,1253.44,615.6,201.36,171.0,6.7,255.5,194.25,1254.5,799.0,328.5,405.0,580.0,321.0,768.75,537.5,73.28,172.48,432.0,843.6,1602.0,671.2,168.0,720.16,390.0,129.25,182.0,59.0,79.75,766.4,684.25,375.5,1968.0,805.44,1.4625,175.6875,119.75,341.0,659.0,149.5,354.0,291.5,154.36,191.6,287.0,173.92,146.5,87.6,3.0,41.5,15.0,22.0,221.0,2.2875,577.8,1469.0,9.1875,4.25,43.0,84.5,76.8,11.5,52.5,1842.0,737.0,1078.0,315.5,419.7,191.25,186.6,278.5,161.5,300.625,305.75,85.65,202.5625,8576,771.1998768,406.56,49224,2162.0,3002,1384.8,42.0,391608.9827354
27,2052.0,2254,103.0,97.25,519.5,212.5,409.0,409.0,1620.0,2980,565.0,2023.0,3518.4,2908.8,1857.6,2463.6,639.6,1975.84,490.16,736.5,622.2,5082,457.12,6272,12544,1435.5,210.0,4155.0,2384.0,2223.0,4715.0,3506.0,10.88,13014.0,16128,16576,1895.0,647.5,460.0,3207.0,3391.36,2008.0,1993.0,595.0,4536.0,1671.6,985.2,1161.6,1096.2,148.875,442.35,151.125,113.9375,87.4375,1646.4,677.4,414.3,811.2,278.1,647.5,1882.0,1169.0,1107.0,146.6,1813.5,389.25,3356,565.125,824.4,168.0,468.0,596.5,227.0,366.5,96.5,153.0,285.5,219.25,742.8,372.0,55.95,38.55,243.0,189.72,616.8,766.5,34.9,67.875,3.875,203.25,114.8,63.8125,398.0,431.5,42.425,25.6625,23.225,116.15,17.3,396.0,1392.8,363.52,1464,404.25,381.0,233.25,166.5,536.5,197.25,485.5,144.5,683.75,233.5,249.04,344.0,1107.6,379.2,2444.88,2480.0,1384.5,33.875,167.375,608.5,18.75,45.375,21.2032,92.0,77.8,132.8125,917.25,273.5,626.75,579.5,534.0,374.0,504.5,661.8,861.0,937.0,825.5,169.5,184.16,17.925,13.75,15.6625,82.3625,30.425,30.55,10.03125,17.248,652.0,30.36,27.96,13.0875,68.3328,99.64,28.44,47.175,11.2,30.84,2078.0,282.5,1422.0,503.75,310.0,1252.0,349.5,94.0752,150.0,1028.25,421.88,974.0,104.125,27.6875,105.5,458.0,584.0,156.0,1141.5,2828.0,2124.0,288.6,2590,1889.36,9.65,425.04,1608.0,430.2,714.5,881.5,469.0,241.5,63.3125,691.056,574.8,364.0,412.0,137.5,1177.0,385.5,672.5,1180.0,146.0,244.0,138.9,1461.0,339.68,157.0,253.0,504.0,1362.0,153.75,172.0,56.7,86.96,577.5,516.5,244.5,129.5,10.5625,5.725,6.95625,6.8125,5.425,1396.8,1466.4,253.68,336.5,23.2125,306.5,359.0,1700.0,820.0,364.2,458.0,599.0,336.9,894.5,586.0,175.84,700.96,487.2,1408.8,2251.0,725.2,213.0,794.72,533.0,169.0,666.0,242.0,83.75,1133.76,1001.5,456.75,2168.0,1101.28,6.0375,165.375,125.9375,355.0,1167.0,256.75,366.75,311.5,273.6,482.32,495.5,1198.72,299.0,145.5,2.92,259.0,120.5,65.375,564.5,8.875,1015.8,1885.0,61.375,26.225,227.0,334.25,111.9375,41.5,87.25,2896.0,986.0,1780.0,834.0,516.0,244.5,182.4,359.25,285.5,321.40625,407.5,88.6,199.25,8628,1302.3997918,502.272,47712,3000.0,3962,2992.8,79.0,466148.8683656
28,1176.0,1834,101.75,111.25,335.0,221.25,397.5,383.5,909.0,1568,324.5,1337.0,2206.8,3176.4,1876.8,2502.0,581.56,2146.4,503.84,665.0,613.2,4704,481.12,6496,12320,1201.0,220.0,4150.5,2422.0,2196.75,4669.0,3372.0,3.08,8097.0,15904,16128,1858.0,683.75,460.0,3893.0,3499.68,1937.0,2000.0,544.5,4257.6,1600.8,950.4,1149.0,1024.8,148.5,404.325,146.925,114.3125,81.9375,978.6,423.0,376.8,813.0,269.7,720.0,1933.0,1316.0,1123.5,148.56,1796.5,383.5,3256,546.0,826.8,166.25,480.5,578.0,249.75,369.0,91.0,148.0,282.25,211.5,730.8,371.0,54.2,39.35,222.0,185.0,559.2,808.25,43.425,66.375,4.5625,207.5,100.0,57.9375,421.25,450.5,42.55,24.7,19.6875,110.125,15.35625,400.2,1376.4,355.16,1488,390.0,377.0,238.75,155.25,472.0,168.5,688.5,83.0,481.5,203.5,213.64,260.5,1053.6,368.8,2485.68,2929.0,1303.5,1.525,168.875,484.5,17.7,39.25,34.9304,80.0625,82.76,133.625,434.25,103.5,536.0,475.0,517.5,294.0,394.5,562.2,473.25,389.5,810.0,166.25,163.12,1.575,0.6875,15.675,5.5,29.94375,36.275,6.0625,4.11,511.0,23.56,23.52,13.1125,13.0632,96.16,27.44,44.95,5.92,1.2,1288.0,219.5,849.0,472.75,305.0,1034.0,360.25,109.9848,151.0,1054.25,423.48,794.0,112.125,24.1875,49.5,289.0,449.5,90.75,1113.5,2862.0,1386.0,253.5,2574,1931.28,13.125,322.4,1206.0,391.2,690.0,867.5,431.0,201.3,92.5625,609.84,579.0,320.0,355.0,132.5,1214.0,366.5,674.0,1193.0,111.25,247.625,148.95,678.0,244.76,167.75,262.75,428.625,1435.0,163.5,178.5,55.6875,84.0,602.0,520.0,209.75,126.5,10.98125,5.84375,6.95,0.63125,0.6875,810.72,1497.6,252.8,348.5,22.775,320.5,194.0,1788.5,821.5,383.1,462.5,606.5,376.8,908.75,544.5,188.8,725.12,477.6,1504.8,1540.0,718.64,205.25,224.48,548.0,160.5,623.0,235.0,83.25,1204.64,1042.0,462.25,1459.0,1175.68,2.1,140.3125,248.25,266.0,1163.0,236.0,337.25,209.25,278.0,479.36,472.0,1441.44,337.5,139.2,2.84,193.75,80.25,63.225,547.5,9.525,1058.4,1897.0,65.5,24.15,235.5,271.0,98.25,41.75,89.75,2916.0,972.5,1805.0,818.0,548.4,158.5,184.2,301.75,345.0,310.0,419.8125,89.725,150.9375,8632,1318.399789,486.96,46032,3102.0,3910,2935.2,70.0,442992.833096
29,1116.0,1786,97.5,90.75,341.5,225.75,408.5,426.5,753.0,1320,231.5,1238.0,2016.0,3060.0,1814.4,2440.8,612.16,2196.48,440.88,704.5,663.0,4646,464.48,6496,11200,1252.5,207.0,4176.0,2421.0,2256.0,4815.0,3410.0,2.48,7908.0,16800,16128,1843.0,675.75,463.0,3950.0,3455.84,1964.0,1986.0,560.0,4192.8,1622.4,984.6,1089.0,921.6,145.25,406.125,135.7875,115.0,82.875,754.8,434.4,380.1,814.2,277.8,672.0,1966.0,1315.0,1127.0,158.64,1853.0,395.0,3288,595.5,826.2,160.0,478.5,587.0,246.25,362.0,83.75,141.75,274.5,212.75,782.4,386.25,54.475,36.725,219.5,188.92,559.2,796.75,36.15,67.0625,3.9375,198.5,108.6,56.8125,383.5,442.0,44.05,26.3,23.45,110.9,15.64375,370.8,1350.32,350.12,1506,384.5,381.0,244.0,144.25,483.5,162.0,642.5,75.5,419.75,207.0,210.72,260.5,985.2,353.92,2485.44,2896.0,1262.0,1.5125,166.375,480.25,17.3625,39.2,38.116,68.375,78.76,120.125,387.0,146.0,506.5,523.5,507.25,316.0,380.5,580.5,396.0,306.5,674.5,166.0,164.48,1.6,0.6875,28.625,3.925,31.3875,1.55,8.9375,3.1519999999999997,478.5,24.08,31.56,13.0875,38.9016,101.76,1.44,45.15,9.6,1.24,988.0,165.0,807.0,478.25,459.25,1248.0,344.5,90.7056,152.0,1044.5,433.6,731.0,120.6875,23.875,50.0,280.0,463.0,101.75,1121.0,2920.0,1269.6,241.8,2540,1870.48,9.0,295.76,1096.8,415.2,735.0,856.5,457.0,236.4,69.5,610.656,568.2,318.5,308.0,128.5,1217.0,385.5,699.5,1291.5,111.0625,227.6875,161.1,535.0,137.0,169.0,272.25,369.0,1218.0,158.75,182.5,64.1625,95.04,352.25,539.5,205.25,111.5,2.54375,5.9125,4.175,0.6375,4.96875,685.52,1452.0,257.92,382.0,25.6125,270.5,359.0,1719.0,803.0,410.1,482.0,589.0,333.3,856.25,698.0,146.88,836.32,715.2,1478.4,1688.0,700.4,205.5,173.12,554.0,165.0,686.0,254.0,83.5,1280.32,1023.75,451.5,1318.0,1083.92,2.2875,133.5,264.75,230.5,1196.0,232.0,338.25,219.0,268.04,480.48,453.5,1446.88,304.5,187.2,2.92,191.0,85.5,59.975,580.5,8.1875,1002.0,1880.0,54.5,25.1,253.0,263.75,98.175,47.5,91.5,2940.0,1019.0,1828.0,808.0,498.0,183.5,181.8,297.25,326.75,303.75,391.125,92.225,154.375,8796,1326.3997877999998,519.408,46200,2888.0,4260,2946.0,53.0,439424.1300474
30,1091.0,1720,98.25,98.0,328.0,224.0,391.0,445.5,770.0,1242,219.5,1273.0,1972.8,3052.8,1848.0,2404.8,555.52,1968.8,444.32,724.5,640.5,4212,431.2,6496,11872,1404.5,203.0,4078.5,2490.0,2109.0,4830.0,3516.0,2.08,7770.0,17248,15456,1886.0,615.25,474.5,3849.0,3612.32,1947.0,1986.0,561.0,4207.2,1576.8,947.4,1072.8,881.4,137.5,378.5625,128.4,104.125,82.6875,717.6,412.8,376.2,807.9,269.1,688.5,1905.0,1239.0,1134.0,152.96,1883.0,400.0,3254,549.75,831.6,161.25,474.5,591.0,228.0,370.5,79.75,140.0,288.25,224.25,793.8,381.5,56.375,37.3,199.5,193.8,567.6,810.75,34.4,67.4375,5.375,186.75,107.8,62.875,407.0,437.0,43.375,25.2375,21.425,105.7,15.4875,407.4,1322.64,346.12,1544,377.5,382.5,252.5,170.5,494.5,168.5,482.5,77.25,427.5,217.0,215.6,290.0,1042.8,392.72,2454.48,2931.0,1216.0,4.225,169.875,457.75,17.3625,39.0,21.9096,71.5,62.48,126.9375,375.0,63.0,506.75,477.5,473.5,325.0,331.5,556.5,409.25,285.0,862.5,162.5,181.36,5.9,0.78125,24.0625,8.5,31.76875,1.55,11.0,3.238,469.5,22.92,29.28,12.9625,18.3528,94.76,1.44,44.525,12.64,1.32,961.0,170.25,752.0,453.5,427.5,1129.0,362.0,81.048,145.0,1105.25,363.46,732.0,116.6875,53.375,49.25,285.0,435.0,59.0,1092.5,2952.0,1358.4,255.3,2620,1860.32,37.325,276.0,1104.0,449.4,656.0,899.0,449.0,225.6,68.125,636.9119999999999,613.2,338.5,323.0,127.0,1174.5,381.0,715.5,1272.5,110.625,229.0,160.05,483.0,133.24,175.25,279.0,404.25,1016.0,145.25,181.0,63.075,98.0,490.5,542.75,202.25,112.25,7.61875,5.6875,3.575,6.175,4.93125,635.76,1414.8,263.2,378.0,22.55,360.5,197.0,1808.0,802.0,361.2,459.5,646.5,362.4,876.25,520.5,144.64,766.08,918.0,1454.4,1280.0,685.68,204.5,175.36,532.0,166.5,618.0,227.0,91.0,1301.92,1011.25,444.5,1312.0,1114.0,2.25,134.25,164.8125,217.0,1231.0,256.0,342.75,201.75,253.28,485.6,489.0,1521.92,295.0,144.0,2.96,188.25,81.0,52.525,537.0,10.025,986.4,1851.0,49.25,26.2,249.5,283.0,93.75,40.5,82.0,2370.0,1004.0,1890.0,782.5,458.7,204.5,199.8,305.0,270.25,313.75,367.5,85.225,181.9375,8742,1312.7997898,499.63199999999995,48048,2984.0,3916,2952.0,62.0,432246.2337634
31,1103.0,1914,100.75,92.25,323.0,222.0,365.5,419.5,746.0,1212,222.0,1213.0,1886.4,2977.2,1797.6,2402.4,479.64,1961.92,414.16,637.5,623.4,4238,405.92,6720,11200,1246.0,195.0,3744.0,2486.0,2182.5,4710.0,3460.0,11.28,13296.0,17696,15232,1837.0,680.0,478.25,3412.0,3670.08,1932.0,1900.0,531.0,4023.6,4816.8,902.4,1028.4,697.2,131.125,323.325,108.1875,97.1875,81.3125,705.0,429.0,393.3,798.6,288.15,704.0,1956.0,1222.0,1150.0,142.88,1938.0,366.0,3342,552.0,805.8,154.75,537.5,592.5,197.0,364.5,88.75,151.0,265.25,238.5,729.6,364.0,56.6,40.075,225.0,204.24,568.8,799.25,31.0,67.25,4.625,185.25,92.6,57.625,303.75,443.0,43.9,26.2375,21.6,111.025,16.65625,445.8,1315.52,360.6,1496,378.75,349.25,236.75,131.25,502.0,159.25,481.0,91.75,425.0,218.5,219.16,276.5,981.6,341.04,2460.0,2997.0,924.0,1.625,170.125,510.5,14.85,38.775,38.0408,78.0,61.32,105.375,333.75,62.0,511.0,490.5,429.75,337.5,331.0,575.7,365.0,286.5,788.5,169.5,164.0,1.575,0.6875,13.375,3.875,32.38125,1.5125,10.65625,2.992,472.5,23.84,35.04,13.0375,39.9408,94.32,1.44,44.15,7.92,1.28,930.0,189.25,506.0,467.25,429.75,1080.0,351.5,84.6888,137.0,1009.25,375.2,730.0,105.6875,26.875,50.5,275.5,460.0,56.75,1083.0,2757.0,1195.2,251.7,2418,1832.24,10.65,274.4,1048.8,421.8,605.0,842.5,446.5,236.4,61.0,633.264,620.4,307.0,338.0,131.5,1194.5,377.0,710.0,1293.5,113.875,233.375,154.65,505.0,128.56,166.25,272.5,358.875,990.0,142.25,185.75,67.6875,99.28,297.5,487.5,203.75,128.0,2.55,5.8,0.2625,0.61875,4.925,632.72,1350.0,237.52,386.0,15.525,368.0,194.5,1499.0,870.0,334.8,459.5,613.5,339.3,848.25,509.0,140.32,754.56,818.4,1382.4,1540.0,677.52,201.0,158.08,534.5,159.5,592.0,173.0,81.0,1169.92,1012.25,443.75,1240.0,1036.72,2.2125,141.9375,155.5,197.0,1152.0,261.0,365.75,198.5,249.48,484.64,490.5,1136.8,294.0,143.4,3.04,176.0,79.75,56.7,508.0,3.45,950.4,1816.0,57.875,27.05,168.5,274.0,96.2625,37.25,81.75,2136.0,983.5,1819.0,744.0,445.2,198.75,190.2,294.5,213.25,256.09375,292.5625,73.3,111.8125,8628,1307.9997908,502.36800000000005,44352,2896.0,4068,2852.4,82.0,426091.9925466
